id,toxic,severe_toxic,obscene,threat,insult,identity_hate
10,0.55724543,0.5246978,0.5616333,0.468984,0.42967725,0.5150029
11,0.5692542,0.5332007,0.55507267,0.44843164,0.43569842,0.52065533
